date,equity_return,Mkt-RF,SMB,HML,RF,growth_yoy,cpi_yoy,unemployment_delta,yield_spread_delta,credit_spread_delta,bond_return,growth_yoy_zscore,cpi_yoy_zscore,unemployment_delta_zscore,yield_spread_delta_zscore,credit_spread_delta_zscore
2005-09-30,0.00694902431673361,0.0048,-0.0062,0.0078000000000000005,0.0029,0.016574450087309733,0.04741833508956805,0.0,-0.08333333333333319,-0.010000000000000083,-0.009364364588904439,-1.2076877025091837,2.769704721483527,1.191413855747146,0.1398088721051432,0.4207559900300995
2005-10-31,-0.01774077993231349,-0.0204,-0.013000000000000001,0.0043,0.0027,0.020209103457029087,0.04350104821802936,0.0,-0.06999999999999984,0.023333333333333133,-0.009910772588698435,-0.8087432836518683,1.9800484393089077,1.135549947915338,0.23412728674960193,0.9743968945481344
2005-11-30,0.035186096519093324,0.0361,0.0105,-0.011899999999999999,0.0031,0.029120723180627417,0.03338549817423053,0.033333333333333215,-0.05333333333333323,0.04999999999999982,0.003747051828783876,0.10429226963772098,0.6124214007470492,1.78331489483329,0.35293015320761495,1.3673693424528348
2005-12-31,-0.0009523493171964548,-0.0024,-0.0044,0.0015,0.0032,0.026259073757150198,0.03338549817423053,-0.033333333333333215,-0.06666666666666687,0.006666666666666821,0.011341167335120916,-0.19153515758909712,0.5968421591706298,0.23308661869922856,0.24487402431248034,0.5942378448393673
2006-01-31,0.025466771341108085,0.030299999999999997,0.0546,0.009899999999999999,0.0034999999999999996,0.024194801632455576,0.04018789144050117,-0.09999999999999994,-0.19000000000000009,-0.006666666666666525,-0.0005967572308989144,-0.4029907912935916,1.4409342362873239,-1.2758104513180266,-0.7061832238501846,0.35103048501151585
2006-02-28,0.0004531577283561905,-0.003,-0.0040999999999999995,-0.0031,0.0034000000000000002,0.017242361205308532,0.0363825363825363,-0.06666666666666672,-0.1733333333333332,-0.05000000000000012,0.001607669106309606,-1.110208937193018,0.9020694835864885,-0.48845281871633317,-0.5606783269741948,-0.41931762101372944
2006-03-31,0.011095810408889628,0.0147,0.0339,0.0060999999999999995,0.0037,0.02091541760329152,0.03417918177110302,-0.06666666666666672,-0.12333333333333323,-0.05333333333333338,-0.008674125963658352,-0.6966610549989337,0.5925620473525531,-0.4783446031074623,-0.1561382373700057,-0.4702457005601374
2006-04-30,0.01215565291784415,0.0073,-0.0138,0.0226,0.0036,0.021816142662632876,0.03613835828600931,0.0,0.07000000000000028,-0.04333333333333359,-0.001489034062219008,-0.5856973977153139,0.8345419028888497,1.076569233287134,1.3566227115619023,-0.28042323146256576
2006-05-31,-0.030916916538203165,-0.0356,-0.0301,0.023799999999999998,0.0043,0.021156664964513183,0.03977272727272729,-0.06666666666666672,0.08333333333333333,-0.01999999999999987,-0.001987244554219947,-0.6434012739096239,1.2742220754708113,-0.5025189076296078,1.394900556101845,0.15482164686209127
2006-06-30,8.659650459597046e-05,-0.0034999999999999996,-0.0034999999999999996,0.0085,0.004,0.01980338625144462,0.041817243159525175,-0.03333333333333351,0.03666666666666677,-0.006666666666666821,-0.0016085397935688972,-0.7738932754683318,1.4734876270051258,0.29649972666443625,0.9941875576973296,0.4016288989010979
2006-07-31,0.0050858788034533475,-0.0077,-0.0395,0.0262,0.004,0.02251836527383766,0.041046690610569536,0.0,-0.08333333333333363,-0.006666666666666525,0.013889588895947602,-0.46277637549156153,1.3154171972353224,1.076013224682324,0.044090059996864,0.394743232508261
2006-08-31,0.02127419311502643,0.0203,0.009899999999999999,-0.0195,0.0042,0.023669704568583194,0.03926568077511483,0.03333333333333351,-0.15666666666666687,0.023333333333333428,0.015909891275148302,-0.32762642419937804,1.0498085590193624,1.7736023575144066,-0.5347247957640192,0.9539629285121517
2006-09-30,0.024566297967782313,0.0184,-0.013000000000000001,0.0006,0.0040999999999999995,0.042159275134967755,0.02012072434607637,-0.033333333333333215,-0.13666666666666671,0.013333333333333345,0.010114750909554493,1.6866256613789943,-1.3855854180038298,0.19911699347999426,-0.36653791027738886,0.7418181498708433
2006-10-31,0.03150800358539563,0.0322,0.0177,-0.0033,0.0040999999999999995,0.028481025781383007,0.014063284781516971,-0.09999999999999994,-0.10999999999999972,0.006666666666666525,0.006858004827682729,0.1652883101882545,-2.011088314487888,-1.340122233906278,-0.14547765271201912,0.5992681356310433
2006-11-30,0.016466656343095964,0.017,0.0063,0.0004,0.0042,0.016621660136106442,0.01968702675416467,-0.06666666666666672,-0.08666666666666689,-0.03666666666666648,0.010618475777224967,-1.1336684587020616,-1.2743913829391673,-0.5435573065046106,0.04809538432468326,-0.2574831770510312
2006-12-31,0.012615782814670462,0.0085,-0.0116,0.0274,0.004,0.021707334984272686,0.025239777889954462,-0.033333333333333215,-0.06666666666666672,-0.016666666666666607,-0.006004946055610638,-0.5542727311014767,-0.5885772472616579,0.24743582965269942,0.21387282933170906,0.14270951817825164
2007-01-31,0.014059043023177953,0.0138,0.0009,-0.0068000000000000005,0.0044,0.016646656462990128,0.020757651781234232,0.06666666666666643,-0.010000000000000378,-0.03666666666666648,-0.0007019076810753644,-1.0950227853672363,-1.1062480941008357,2.4210681476768983,0.6848896685821965,-0.2609789164119652
2007-02-28,-0.021846175991944383,-0.0196,0.0123,-0.0008,0.0038,0.025793632616832207,0.02420260782347028,0.0,0.010000000000000083,-0.013333333333333345,0.016253996676013793,-0.06314568639864045,-0.6728367463604441,0.8991204081865282,0.838837979186368,0.21694728285250178
2007-03-31,0.009979982939206433,0.0070999999999999995,0.0009,-0.0088,0.0043,0.025308035115800154,0.027981972959439272,0.0,-0.03000000000000025,0.016666666666666607,-0.0019514845410193438,-0.11712218158900307,-0.20511026577467145,0.8799240681379775,0.48644079391187456,0.8253343357842148
2007-04-30,0.043290690426759815,0.0349,-0.022099999999999998,-0.0144,0.0044,0.029076019270608766,0.025929247633283525,-0.033333333333333215,0.013333333333333641,0.03999999999999974,0.0058979752075425385,0.31392843335191745,-0.4541666160785489,0.12421035217284593,0.8462970922069313,1.272908947518166
2007-05-31,0.032549228707361655,0.0323,0.0016,-0.0059,0.0040999999999999995,0.029798485426711263,0.02709885742672613,-0.033333333333333215,0.11000000000000003,0.026666666666666394,-0.009173082277728173,0.3929902798397446,-0.3033533741899444,0.12276923658079504,1.6194730140885012,0.973815887147468
2007-06-30,-0.01781632254788501,-0.0196,0.0073,-0.0105,0.004,0.027140344521729087,0.02692765113974227,0.06666666666666643,0.29000000000000004,-0.03666666666666648,-0.0037673727602066664,0.07883210239539741,-0.3210839236411132,2.265635249069856,2.8271035986374575,-0.3371354053460346
2007-07-31,-0.03198187836198829,-0.037200000000000004,-0.026600000000000002,-0.0368,0.004,0.026434417747193573,0.023178905864958077,0.06666666666666672,0.11999999999999982,-0.016666666666666313,0.010731028489145755,-0.005237579184237842,-0.7876640960484602,2.1254220172618226,1.4445898465187144,0.08143588800628203
2007-08-31,0.012863572018857905,0.009399999999999999,-0.0011,-0.0187,0.0042,0.023917510021752353,0.01897448478900876,0.06666666666666643,0.15000000000000005,0.11333333333333358,0.012794977793792128,-0.30489180220467205,-1.290877671714133,2.008385344256164,1.6111646529040946,2.594126709651394
2007-09-30,0.03579400817860079,0.0322,-0.0225,-0.0217,0.0032,0.027901202497425004,0.028338264299802685,0.03333333333333351,0.04666666666666671,0.1566666666666666,0.006327647851889218,0.17785958994640377,-0.09321480676081068,1.2918086994939846,0.8121680616665549,3.057563972250436
2007-10-31,0.014822338223554832,0.0179,0.0019,-0.0287,0.0032,0.026179282370540014,0.03610698365527476,0.0,0.15000000000000022,0.09999999999999994,0.01007990193188446,-0.03344446665325171,0.893171964840636,0.6091168858319366,1.5432880786888985,1.9406461943399016
2007-11-30,-0.04404341737941575,-0.048,-0.0281,-0.0109,0.0034000000000000002,0.03208767006142432,0.04373267326732666,0.03333333333333351,0.13666666666666685,0.08999999999999986,0.018035620255273388,0.6898929714312755,1.7984773040868847,1.2538977586572269,1.3998616168884757,1.6969746559000063
2007-12-31,-0.008628508561297932,-0.0087,0.0011,-0.0051,0.0027,0.022029778334589523,0.04108813392417532,0.09999999999999994,0.15666666666666673,0.16000000000000014,-9.298727093065562e-05,-0.5583922784458958,1.4204500600413172,2.420835975835738,1.4983434201231665,2.651634437669706
2008-01-31,-0.06116343227776988,-0.0633,-0.0102,0.04,0.0021,0.024141930753466267,0.04294695655165981,0.09999999999999994,0.11999999999999995,0.2833333333333332,0.02312973061224488,-0.2898537908942088,1.5954107893648408,2.2727913153947497,1.2003299505218623,3.8511476165373373
2008-02-29,-0.03476119273728817,-0.030899999999999997,-0.0048,-0.0072,0.0013,0.010602796518591306,0.04142959270611968,0.06666666666666672,0.2466666666666666,0.27666666666666667,-0.0016011694632823703,-1.916240380748912,1.3700064515527088,1.6035156022319037,2.0202503655701154,3.3096152912499783
2008-03-31,-0.005959623397817415,-0.009399999999999999,0.0070999999999999995,0.0031,0.0017000000000000001,0.005734255066876637,0.03974903550134434,0.033333333333333215,0.38333333333333347,0.2766666666666664,0.0012978221074597673,-2.359133294286794,1.1400413161206575,0.9823974175160328,2.7412244008867948,2.9896062437812976
2008-04-30,0.047546697641229096,0.0461,-0.0169,-0.0096,0.0018,-0.007427676334748168,0.039037609759888126,0.0,0.4666666666666666,0.16333333333333325,0.003275658510924151,-3.4273793406298805,1.0335736458726497,0.3756046301289082,2.9816512068160006,1.6614825042367969
2008-05-31,0.01067418170406853,0.0187,0.0297,-0.015,0.0018,-0.014383086308347726,0.04088413823123993,0.16666666666666666,0.1766666666666666,-0.010000000000000083,-0.012653062471329801,-3.6028004084893808,1.2292959268955184,3.077866344764464,1.1862748581073748,-0.24302423199312
2008-06-30,-0.08596238482631446,-0.0843,0.0115,-0.025099999999999997,0.0017000000000000001,-0.01724935725071297,0.04935966105947864,0.16666666666666666,-0.003333333333333558,-0.1366666666666664,-0.0018491241540424808,-3.4127119019614964,2.1403651187346857,2.8250118718739383,0.09176464278053771,-1.5962146591869149
2008-07-31,-0.009859371185302779,-0.0075,0.026000000000000002,0.052000000000000005,0.0015,-0.019585471027037116,0.054975120783418374,0.2666666666666666,-0.0033333333333334103,-0.04666666666666641,0.003940026155770715,-3.231893411681639,2.602309693265353,3.769375205856523,0.09096352570890948,-0.6047617047990245
2008-08-31,0.012190464669121548,0.015300000000000001,0.034,0.0152,0.0013,-0.036832804845724265,0.053080171620912386,0.2333333333333331,0.006666666666666672,0.07000000000000013,0.007418938735415104,-3.8763056651428713,2.2649713674754763,3.01690355212582,0.1514599689253151,0.6696909615980333
2008-09-30,-0.09079143354379215,-0.0935,-0.010700000000000001,0.056600000000000004,0.0015,-0.08130031129578574,0.04953319875136075,0.16666666666666666,0.10666666666666691,0.21666666666666634,-0.01759713518764283,-5.071073944871152,1.8181517114926693,2.0750007297171016,0.7646101071001318,2.1776037719342014
2008-10-31,-0.16942452401777075,-0.172,-0.0231,-0.0189,0.0008,-0.06954317961916079,0.03731057889956513,0.2333333333333334,0.2533333333333334,0.64,-0.022810747989576052,-3.8565852181766562,0.5366820092245838,2.691426142339409,1.6308997666237695,5.043473718409323
2008-11-30,-0.0748490423387097,-0.0774,-0.0301,-0.0621,0.0003,-0.08669827230747884,0.010999174706166848,0.2333333333333334,0.38999999999999996,0.8066666666666671,0.030243248375257048,-3.943447047391022,-2.1243994966731274,2.526137679267126,2.3408209544588567,4.9290058902336655
2008-12-31,0.007821576633499472,0.0177,0.0352,0.0005,0.0,-0.11276192783181926,-0.0002222800255385904,0.4000000000000001,-0.05666666666666664,0.7966666666666667,0.06662461420709498,-4.157006843627078,-2.9972853976481058,3.799693078194186,-0.3056592557633684,4.114842317064579
2009-01-31,-0.08565734305805428,-0.0809,0.0004,-0.11019999999999999,0.0,-0.13374567704176643,-0.0011358601902212717,0.4333333333333333,-0.25,0.18333333333333357,-0.019866539589181942,-4.108483646846865,-2.855032241013753,3.6381317436038243,-1.4256290730228256,0.735565915354714
2009-02-28,-0.10993119762019943,-0.1014,0.0014000000000000002,-0.066,0.0001,-0.13562730377303278,8.463140671510772e-05,0.5000000000000003,-0.25666666666666654,-0.15666666666666718,-0.010553623559988123,-3.6692245549662132,-2.579338984202126,3.7115983083973547,-1.4303779548916657,-1.1194720889580883
2009-03-31,0.08540446199532292,0.0901,-0.001,0.0348,0.0002,-0.14656035046526472,-0.004464787676623838,0.4666666666666665,0.07333333333333325,-0.13666666666666671,0.011030540423023982,-3.5209833965330186,-2.7656312515887813,3.151981073305443,0.5029723710770383,-0.9940951983951052
2009-04-30,0.09392507914826331,0.1017,0.054000000000000006,0.0538,0.0001,-0.1481395936696125,-0.005763244243767063,0.4000000000000001,0.12666666666666662,-0.05333333333333338,0.005152038277998816,-3.237817355311603,-2.6883192637315982,2.517810531301785,0.80784993262699,-0.5303929905409257
2009-05-31,0.05308144638516654,0.0521,-0.0241,0.0040999999999999995,0.0,-0.15160361194166794,-0.01015761495855172,0.36666666666666653,0.17999999999999985,-0.1466666666666665,0.007096304524694785,-3.0496868101730388,-2.819121814325499,2.1867406107975014,1.1051767409379525,-1.0307523466599435
2009-06-30,0.00019582726560996022,0.0042,0.0258,-0.0276,0.0001,-0.15282480369076357,-0.012291746182109153,0.2666666666666669,0.31000000000000005,-0.6066666666666666,0.004208230899610754,-2.8617276884028597,-2.7794624625567477,1.4766078784275727,1.8144317841329813,-3.2592614448163575
2009-07-31,0.07414172714778422,0.0774,0.0175,0.0489,0.0001,-0.14018720654921957,-0.01958761003762277,0.16666666666666666,0.20333333333333328,-0.6433333333333336,0.01269056478314523,-2.488200668955759,-3.032710823708452,0.7982699482489144,1.1743619507838814,-3.164144867196127
2009-08-31,0.03356018886854417,0.0333,-0.011200000000000002,0.076,0.0001,-0.11689299172061052,-0.014838355663267633,0.06666666666666643,0.10333333333333335,-0.5933333333333334,0.01220179325651638,-1.997876568383304,-2.5757570311875595,0.12680597615142064,0.5895041784325038,-2.7444838698434335
2009-09-30,0.03572334572311964,0.0408,0.024300000000000002,0.0115,0.0001,-0.06805879122929537,-0.01377942862886472,0.10000000000000024,-0.08666666666666674,-0.29000000000000004,0.011882373166634874,-1.1264610104504438,-2.3904278250018667,0.34913429448740074,-0.5114800946239012,-1.3425586806050904
2009-10-31,-0.019762000526814205,-0.0253,-0.0426,-0.0417,0.0,-0.07474512230012276,-0.002239682942003385,0.16666666666666666,-0.01999999999999987,-0.20999999999999996,0.0022180361241426194,-1.2216442520689603,-1.6577486395333816,0.7930659683061122,-0.12072687982080113,-0.9689108042431276
2009-11-30,0.05736406145372763,0.056299999999999996,-0.025,-0.0033,0.0,-0.0583001235670767,0.019145871744709275,0.10000000000000024,-0.02333333333333328,-0.02333333333333328,0.012863079701674662,-0.9241215204928562,-0.3947884801645755,0.3364373804876303,-0.13938495832171632,-0.1265401029933962
2009-12-31,0.017770570919338313,0.027999999999999997,0.0601,-0.0011,0.0001,-0.02704223119324234,0.028141231232083674,0.033333333333333215,0.08666666666666674,-0.04333333333333315,-0.018811737403888418,-0.3776213578062522,0.13724104333144035,-0.11955992385370094,0.5083609596802082,-0.21578405470648018
2010-01-31,-0.03697424569226215,-0.0335,0.0043,0.0033,0.0,0.0087230439200634,0.026211113889767157,-0.06666666666666643,0.11666666666666654,-0.12666666666666662,0.014148182431731104,0.24620340039085623,0.021980821967726025,-0.8005441727274392,0.6804363423207948,-0.5910820835455017
2010-02-28,0.028513689046546054,0.0339,0.0118,0.0318,0.0,0.018708182344855606,0.02151336357866529,-0.033333333333333215,0.07666666666666666,-0.09000000000000015,0.001984642407916848,0.4187075982114277,-0.2582507919647725,-0.5651790630339024,0.4378720052630497,-0.4196491974269559
2010-03-31,0.058796425545497355,0.063,0.0146,0.0219,0.0001,0.04200672107537207,0.022861714393279886,0.0,0.013333333333333345,-0.08000000000000022,-6.7678066198118e-05,0.8219962573343165,-0.1756324640927423,-0.33131376261948803,0.056868881365301854,-0.37079805654545955
2010-04-30,0.014759230482012997,0.0199,0.0484,0.0296,0.0001,0.054282103558062955,0.022067707525304403,0.033333333333333215,0.006666666666666672,-0.040000000000000036,0.009731954736159842,1.0260549182916099,-0.2224024973444489,-0.09786728202084573,0.01643860583782402,-0.18408341787524077
2010-05-31,-0.08197584207319053,-0.079,0.0013,-0.0248,0.0001,0.0794260960542632,0.020035489292185682,-0.06666666666666703,-0.10666666666666676,-0.006666666666666672,0.010826025406206474,1.4430631243965133,-0.3442447512567262,-0.7925423549920343,-0.6673575933525868,-0.028368567140004443
2010-06-30,-0.05388244223983851,-0.0556,-0.0179,-0.0473,0.0001,0.08551328146848403,0.011215605940686268,-0.16666666666666666,-0.16666666666666666,0.16333333333333355,0.017686823599238233,1.5182340078700067,-0.8768600425245386,-1.4675909588631606,-1.0207551047654382,0.7623133062387972
2010-07-31,0.06877784957463517,0.0692,0.0022,-0.005,0.0001,0.07747013804699288,0.013407784804821077,-0.16666666666666666,-0.2800000000000001,0.20000000000000004,0.008546644881341603,1.3538598431934976,-0.734873220225713,-1.4398279881960483,-1.6726828118460615,0.9242920668000122
2010-08-31,-0.04744918363260475,-0.0478,-0.0301,-0.0173,0.0001,0.06968742858593813,0.011501775395112546,-0.033333333333333215,-0.2399999999999999,0.11000000000000003,0.01286743592235573,1.2006998769717603,-0.843729114011262,-0.5099059537765068,-1.405320951665535,0.49648851812451317
2010-09-30,0.08755110305113556,0.0955,0.0382,-0.0302,0.0001,0.06346682104150392,0.011183122472331775,0.033333333333333215,-0.19333333333333336,-0.006666666666666672,7.469074216426286e-05,1.0788491664406532,-0.8545005391124956,-0.044558738412932154,-1.1102611053314884,-0.0553598675179439
2010-10-31,0.03685599403554063,0.0387,0.0108,-0.0246,0.0001,0.05760258506490601,0.011666951489314625,0.0,-0.1466666666666665,0.05999999999999991,0.0015213967543026286,0.9662647057240197,-0.8164039135364497,-0.2767228609492863,-0.8224427270103843,0.26041061787183556
2010-11-30,-0.002290249746576656,0.0059,0.036699999999999997,-0.009000000000000001,0.0001,0.0539500875348351,0.01084544776600338,0.10000000000000024,0.026666666666666543,0.06666666666666672,-0.008348765685778359,0.8935931505016783,-0.8585902460321793,0.42596404781121905,0.2166377113224601,0.2904794480171243
2010-12-31,0.06530004034715509,0.0682,0.0072,0.0356,0.0001,0.05996200467756596,0.01437793022217937,-0.06666666666666643,0.21666666666666665,-0.06666666666666687,-0.006753906176670155,0.986323997359107,-0.6338291135963913,-0.7489324489533088,1.3413467740268077,-0.34902690671664477
2011-01-31,0.022645574359139164,0.019799999999999998,-0.0229,0.0060999999999999995,0.0001,0.04632504538708293,0.017007834915029774,-0.10000000000000024,0.27666666666666667,-0.16,-0.0008516092208996628,0.7435045070682721,-0.4665195912340096,-0.9748810614847648,1.664900020431696,-0.7931117140590928
2011-02-28,0.03195656372809341,0.0348,0.015,0.0118,0.0001,0.03827364378514675,0.02124898173333145,-0.2666666666666669,0.27666666666666684,-0.19666666666666663,0.0029054614932599865,0.5990868347130588,-0.19960609899680143,-2.0934881972044397,1.630326740403703,-0.960326961401657
2011-03-31,-0.0010473129391664893,0.0045000000000000005,0.024900000000000002,-0.0184,0.0001,0.04193025357503588,0.02619241510354109,-0.10000000000000024,0.05333333333333338,-0.06333333333333317,-0.002230277349658416,0.6575081485717624,0.11118783179872173,-0.9222589632478568,0.3135945569473329,-0.3117730761880822
2011-04-30,0.028495380666536008,0.028999999999999998,-0.0042,-0.024399999999999998,0.0,0.03505332834432129,0.030772344447868694,0.0,0.05333333333333323,-0.04666666666666671,0.015673922278968577,0.5334931811841963,0.39874501581803273,-0.2234518610736922,0.31169837304729126,-0.22919806325734512
2011-05-31,-0.01350095289522324,-0.0127,-0.0073,-0.018500000000000003,0.0,0.02248891889831528,0.034589718808965,0.0,-0.10666666666666676,0.013333333333333345,0.012398856645546408,0.3111279188827338,0.636765536050094,-0.2221738491796193,-0.6348363728824532,0.0644383070666894
2011-06-30,-0.018257461652479323,-0.0174,-0.0027,-0.002,0.0,0.023688810428642126,0.03502318150636041,0.033333333333333215,-0.1166666666666667,0.0433333333333333,-0.00445169813986146,0.33030168901309614,0.6592958133042176,0.012699766900456908,-0.6889659336732282,0.21104062554140862
2011-07-31,-0.02147442530666621,-0.0235,-0.011699999999999999,-0.0091,0.0,0.02484132372991299,0.035798809769996165,-0.033333333333333215,-0.14666666666666664,0.06666666666666672,0.016866570318970098,0.3486267182983745,0.703308823410033,-0.4567664256321591,-0.8603680918458776,0.3246633957939622
2011-08-31,-0.05679110795232889,-0.0596,-0.0296,-0.024300000000000002,0.0001,0.027992943499441703,0.0375499603070808,0.0,-0.2833333333333334,0.15000000000000005,0.015204963171165486,0.4022566090227956,0.8086234465234622,-0.21833674137591935,-1.6459919054275602,0.7333070580921132
2011-09-30,-0.07176198808089651,-0.0758,-0.031200000000000002,-0.015300000000000001,0.0,0.024123837996766095,0.03812621692818685,-0.033333333333333215,-0.33,0.17999999999999985,0.007705677292139113,0.33113354274073104,0.8381607795616273,-0.45387239314309863,-1.8771098507440835,0.874788222412212
2011-10-31,0.10772303843744147,0.1133,0.0305,0.0006,0.0,0.03416215073206175,0.035222681306640524,-0.06666666666666643,-0.27666666666666667,0.15333333333333346,0.0012644761813214167,0.5081621422209067,0.6463194084133791,-0.6879923667134445,-1.5374943979905438,0.735703781963178
2011-11-30,-0.005058715107011391,-0.0027,-0.0018,-0.0052,0.0,0.03317419578768788,0.03451432214581729,-0.13333333333333344,-0.09333333333333334,0.023333333333333133,-0.0033074768447073355,0.48723800677586565,0.5963766482903883,-1.1541204742019426,-0.46900686646696377,0.08453713348075702
2011-12-31,0.008532763666636134,0.0075,-0.005600000000000001,0.0154,0.0,0.02859134467066693,0.03062066838419386,-0.16666666666666666,0.0,-0.006666666666666525,0.013567043153925873,0.40188058275010013,0.34199147739369384,-1.373282687229775,0.07523559380152785,-0.06605992328392228
2012-01-31,0.043583062704985354,0.050499999999999996,0.020099999999999996,-0.009300000000000001,0.0,0.03691001632410296,0.030087663379855023,-0.16666666666666666,-0.06333333333333331,0.013333333333333494,0.007256815104848657,0.5495308360041771,0.305595236128653,-1.3536939497702833,-0.29458918592845323,0.03489703153668362
2012-02-29,0.04058946376811723,0.044199999999999996,-0.0184,0.0042,0.0,0.04439148449901298,0.028981784423473878,-0.09999999999999964,-0.03999999999999996,0.013333333333333345,-0.00013622487354114643,0.6810573885970442,0.2320265830905488,-0.8710295883978374,-0.15631540349567916,0.034723634868253805
2012-03-31,0.03133231453144192,0.031200000000000002,-0.0063,0.011899999999999999,0.0,0.028286925428470555,0.025828752813320977,-0.10000000000000024,0.03999999999999996,-0.06999999999999984,-0.005729153557354816,0.38423338827174897,0.024654686744191714,-0.8635436798126653,0.31560520547101656,-0.388681851511482
2012-04-30,-0.007497452372495994,-0.0085,-0.0037,-0.0077,0.0,0.0390402975636337,0.022731633741348567,-0.033333333333333805,0.009999999999999934,-0.040000000000000036,0.00905935629406085,0.5780205913472838,-0.17902124393060032,-0.38526178516731263,0.13652262322955125,-0.23361294671712096
2012-05-31,-0.06265072571454366,-0.0617,0.0012,-0.0095,0.0001,0.040185114178595605,0.01737942937466075,-0.033333333333333805,-0.05666666666666664,0.03333333333333351,0.01078209632676419,0.5952084303934534,-0.5309304358722202,-0.3831317896641638,-0.2604818325533513,0.14352692772517023
2012-06-30,0.03955498222833631,0.038900000000000004,0.0072,0.0055000000000000005,0.0,0.037105509068513065,0.01653870448297634,0.0,-0.18666666666666662,0.113333333333333,-0.00019755531825249584,0.5349610180414202,-0.5831632217339601,-0.14240048432250413,-1.0305032970418724,0.5541987965829405
2012-07-31,0.012597574204787909,0.0079,-0.0276,-0.0006,0.0,0.03418677881567289,0.014175114798464783,0.0,-0.17999999999999994,0.06666666666666643,0.01362074366836219,0.478016488100045,-0.735661312691063,-0.1417136378819933,-0.9812882416340065,0.3101924565544399
2012-08-31,0.019763369506085704,0.0254,0.005,0.0123,0.0001,0.02285596731143258,0.016859349154821235,-0.033333333333333215,-0.04333333333333337,-0.013333333333333345,0.0,0.2656918582409991,-0.5525462303787888,-0.38193656893750094,-0.16038341797309755,-0.10660820833737863
2012-09-30,0.024236153617775313,0.0273,0.0045000000000000005,0.016200000000000003,0.0001,0.022951570495009843,0.019497168982819613,-0.13333333333333316,0.026666666666666616,-0.09333333333333312,0.0026660852205295793,0.26615046453760394,-0.37337942215265185,-1.1002719025055585,0.26031258174010735,-0.5227486499845109
2012-10-31,-0.01978940971629395,-0.0176,-0.0109,0.0352,0.0001,0.019430024786973865,0.021556780595369363,-0.13333333333333316,0.07333333333333332,-0.16999999999999993,-0.000472009388368555,0.19904965592750215,-0.23334467666116834,-1.0891814103205557,0.5396379776302466,-0.9180267327336604
2012-11-30,0.0028467166850427716,0.0078000000000000005,0.006,-0.0086,0.0001,0.023257536633332743,0.017960197033926262,-0.13333333333333316,-0.006666666666666672,-0.12333333333333352,0.002706455938739083,0.26993402379367165,-0.4742899068263111,-1.0784196651666047,0.05343987444223745,-0.6680332609658942
2012-12-31,0.007068230956284616,0.0118,0.015,0.0348,0.0001,0.020268355938483085,0.017595049796895523,0.03333333333333351,0.013333333333333345,-0.06999999999999999,-0.002451880766900283,0.2122940112856474,-0.4963001338875208,0.13390852518966298,0.1746660175804168,-0.38468399201332276
2013-01-31,0.050428096466868855,0.0557,0.0029,0.0101,0.0,0.014467904237824847,0.01684061762098299,0.06666666666666672,0.06333333333333331,-0.0033333333333332624,-0.006211881121523377,0.10146115904885622,-0.5445762477221133,0.3756497334982968,0.47846695844802223,-0.03150444684429081
2013-02-28,0.011060648765041536,0.0128,-0.003,0.0021,0.0,0.015945538776370727,0.020181404902574807,0.0,0.10666666666666669,0.0033333333333332624,0.005908817331787608,0.12911814044764616,-0.31446021267511914,-0.1130584397248897,0.7398551248700297,0.003940293301920651
2013-03-31,0.03598772398287298,0.0404,0.0083,-0.0022,0.0,0.02534732272069462,0.015187472411246183,-0.13333333333333344,0.07333333333333332,-0.006666666666666821,0.0009855155923705894,0.3081094210387517,-0.6533862575516031,-1.0852797719465688,0.5314262733036608,-0.04927201469170441
2013-04-30,0.018085767779890016,0.015600000000000001,-0.023700000000000002,0.0044,0.0,0.017145631127746475,0.01138808047576867,-0.13333333333333344,-0.046666666666666634,0.0033333333333332624,0.009685513888662456,0.14936831001616557,-0.9077532001747638,-1.0750594965162439,-0.20944432786250453,0.0043745377929829046
2013-05-31,0.020762811683057825,0.027999999999999997,0.017,0.026699999999999998,0.0,0.015594777439077445,0.013903888279197085,-0.06666666666666672,0.003333333333333336,-0.023333333333332984,-0.020010912123725855,0.11882769390151217,-0.72950287162152,-0.5810773525069522,0.1005030718835038,-0.13874667002370816
2013-06-30,-0.014999301595580827,-0.012,0.0131,-0.0005,0.0,0.017645800035426706,0.017157935271568725,0.0,0.1266666666666667,2.9605947323337506e-16,-0.015655056094803443,0.15799968140764376,-0.5020811830090013,-0.0886857854412185,0.862907924883455,-0.0123903472394331
2013-07-31,0.04946207991308538,0.0565,0.0181,0.0058,0.0,0.012364196654177428,0.01885471805415806,-0.09999999999999994,0.28,-0.029999999999999954,0.0026913021252030767,0.0546693478332643,-0.38265859062080315,-0.8239210983732751,1.787241123343872,-0.17471036441646537
2013-08-31,-0.031298019479343964,-0.0271,0.0032,-0.0273,0.0,0.022593571227008002,0.01538809488600279,-0.09999999999999994,0.2700000000000001,-0.040000000000000334,-0.008263070863902211,0.254050893546384,-0.6200545314418181,-0.8181217362529679,1.697063392039346,-0.22828182234963298
2013-09-30,0.029749523259195332,0.0377,0.028900000000000002,-0.0118,0.0,0.02854766330187619,0.010947341081747997,-0.09999999999999994,0.18000000000000002,-0.07666666666666695,0.011206045577797585,0.3694677981354696,-0.9224235461666684,-0.8124431356160018,1.1342666377467638,-0.4271173770015618
2013-10-31,0.04459575276194472,0.0417,-0.015600000000000001,0.012199999999999999,0.0,0.024178437626957816,0.00876799143491147,-0.033333333333333215,0.010000000000000083,-0.016666666666666902,0.008325980616279871,0.28190267221795484,-1.064920182365151,-0.31485480805846966,0.09282874299821868,-0.09674937948134692
2013-11-30,0.028049471367328715,0.0311,0.0131,0.0019,0.0,0.02281966236973343,0.012328701961954458,-0.09999999999999994,-0.016666666666666607,-0.006666666666666672,-0.002506107115884837,0.25384732501748136,-0.811134343114448,-0.807338913197847,-0.07085246466751037,-0.04135837053260737
2013-12-31,0.023562791975445974,0.0281,-0.0044,0.0,0.0,0.02245344069429267,0.015128383667573297,-0.16666666666666666,0.013333333333333345,-0.05999999999999991,-0.005568088973823104,0.24549321627613285,-0.6122462743607648,-1.2918030258140238,0.11390417199725208,-0.3355503140055078
2014-01-31,-0.035582905955811595,-0.0332,0.009300000000000001,-0.0199,0.0,0.01856627704298197,0.01557758795574915,-0.20000000000000018,0.08333333333333319,-0.11999999999999966,0.01540978842305707,0.1671302786468604,-0.5776768681031467,-1.5197627294543608,0.5449761368948359,-0.6655353202789637
2014-02-28,0.0431170301781616,0.0466,0.0036,-0.0034999999999999996,0.0,0.02148610089064018,0.011204746347724948,-0.06666666666666672,0.0033333333333332624,-0.09000000000000001,0.003763349336189048,0.22474822930958124,-0.8782439987128288,-0.5278006343407173,0.04743768015172817,-0.4957256265537935
2014-03-31,0.006932165418227054,0.0043,-0.018600000000000002,0.049,0.0,0.02724108069090181,0.016126949139408042,0.0,-0.05333333333333323,-0.046666666666666856,-0.001480627393953271,0.33911702570593555,-0.5298138864934061,-0.031621047372937895,-0.3049330862425631,-0.252236479283585
2014-04-30,0.006200789153414155,-0.0018,-0.0418,0.012199999999999999,0.0,0.029123215934373725,0.02015125303606169,-0.13333333333333316,-0.04666666666666656,-0.04666666666666671,0.008217248279285938,0.3754505406677691,-0.24532211489936265,-1.019400143390552,-0.2620609124023034,-0.251178551075193
2014-05-31,0.02103028007328045,0.020499999999999997,-0.018500000000000003,-0.001,0.0,0.03226027611336124,0.02166947687079812,-0.13333333333333344,-0.0433333333333333,-0.06333333333333331,0.011791567732402974,0.43700780992753585,-0.1374342700935037,-1.01131339402023,-0.2401044717016316,-0.34360108075272494
2014-06-30,0.019058331749470137,0.026000000000000002,0.0305,-0.0070999999999999995,0.0,0.03365841732090935,0.020589816945944195,-0.20000000000000018,-0.03666666666666677,-0.04666666666666656,-0.0005765790144095506,0.4632490506548243,-0.21319068049687306,-1.4902314122186913,-0.1972337375871431,-0.24831459175884676
2014-07-31,-0.015079830845342368,-0.0203,-0.0418,-0.0008,0.0,0.03917788807990186,0.019742378703305974,0.0,-0.05666666666666664,0.0,-0.0025085736832005656,0.5729066654988022,-0.27242620906121157,-0.003826001555912723,-0.32254323571562216,0.01650997616826412
2014-08-31,0.037655295579825276,0.0424,0.0040999999999999995,-0.005699999999999999,0.0,0.031253041765382905,0.017150983482969062,-0.06666666666666672,-0.04666666666666671,0.023333333333333577,0.011495978713295552,0.4089726373459454,-0.4555732957501245,-0.49881150295435495,-0.25792350454947016,0.14888215167086039
2014-09-30,-0.015513837249453988,-0.0196,-0.0359,-0.0147,0.0,0.0289843352202952,0.016840509711232077,-0.06666666666666643,-0.016666666666666757,0.023333333333333428,-0.006147505429684341,0.360864041193888,-0.4756121905469289,-0.49645080206517755,-0.06629675583202704,0.14830468058522356
2014-10-31,0.023201460667203078,0.025099999999999997,0.0405,-0.0163,0.0,0.029919466037849007,0.016095417021513292,-0.16666666666666666,-0.07666666666666681,0.06666666666666672,0.010640040540507822,0.37847914585702297,-0.5266512054581618,-1.2349193855675495,-0.44845573694188634,0.39534398197493476
2014-11-30,0.02453358864631494,0.0256,-0.020499999999999997,-0.0313,0.0,0.0338610667511996,0.01231524989320798,-0.09999999999999994,-0.02666666666666669,0.06333333333333317,0.006569913326585741,0.4578104773266955,-0.7943793740461036,-0.7314705972689576,-0.1268417155545521,0.3745430773835832
2014-12-31,-0.004188587515997044,-0.0005,0.0253,0.0212,0.0,0.03170492700276073,0.006531213919623191,-0.10000000000000024,-0.10999999999999988,0.08666666666666674,0.0014765214310596964,0.41135168779588294,-1.2010518586185202,-0.7273165396746357,-0.6604930775701124,0.5069786586165532
2015-01-31,-0.031040805838410623,-0.031,-0.0059,-0.0345,0.0,0.027262407410550527,-0.002299309782054282,0.0,-0.1433333333333333,0.05999999999999991,0.020523252841756934,0.3177436608086448,-1.8085732391398432,0.02403129918029794,-0.8701429646160372,0.35102319356992323
2015-02-28,0.0548925108906233,0.0613,0.0060999999999999995,-0.0179,0.0,0.0130473816054415,-0.0008703146293520536,-0.09999999999999994,-0.1166666666666667,0.02333333333333328,-0.008948207783795237,0.02130093038178053,-1.6824092397660853,-0.7261004876079254,-0.6939477350224224,0.13738822017208005
2015-03-31,-0.017396107114219572,-0.0111,0.0305,-0.0038,0.0,-2.7479483621140055e-05,-0.00022031284423873476,-0.06666666666666643,-0.05666666666666664,-0.010000000000000083,0.003746992184102682,-0.25131883823809464,-1.6147389339264417,-0.4721570079683428,-0.30407578378666794,-0.0568480812929231
2015-04-30,0.008520819822535275,0.0059,-0.029900000000000003,0.018000000000000002,0.0,-0.0064445725580629665,-0.0010403098939391064,-0.09999999999999994,0.023333333333333355,-0.009999999999999934,-0.0032271810150906743,-0.3844583558871117,-1.6500526333380172,-0.7207342124422118,0.2150375391034119,-0.056642564219363076
2015-05-31,0.010491382304589791,0.0137,0.0095,-0.0111,0.0,-0.01460487812501221,0.0003503321824429584,0.033333333333333215,0.0733333333333334,0.05333333333333323,-0.004374666372889746,-0.5537219699911337,-1.533840467073605,0.29007601894281215,0.5386136879392305,0.3142389474815572
2015-06-30,-0.021011671979729973,-0.0152,0.0294,-0.008199999999999999,0.0,-0.021063902272837942,0.001795718097550525,-0.03333333333333351,0.10999999999999988,0.09000000000000001,-0.010767010347464856,-0.6864846900220501,-1.4176167183162056,-0.21674778666079855,0.7739176655191333,0.5279642188255422
2015-07-31,0.019742029435184882,0.015700000000000002,-0.0417,-0.0416,0.0,-0.016903126553953207,0.0022568611104094582,-0.06666666666666672,0.12333333333333336,0.11333333333333329,0.008621697563152564,-0.5956098096237558,-1.3714328605646897,-0.46939637061670825,0.8559453022845774,0.662475890689015
2015-08-31,-0.06258081825586559,-0.0602,0.0037,0.0275,0.0,-0.016854337113987983,0.002413037985344868,-0.16666666666666666,-0.02666666666666669,0.11000000000000032,-0.0033579261148292128,-0.5917618157669297,-1.3471527447010632,-1.224690380681702,-0.12661657888689867,0.6395634071786308
2015-09-30,-0.026442831280001466,-0.030600000000000002,-0.0263,0.0055000000000000005,0.0,-0.022407414414912674,8.842961634170088e-05,-0.09999999999999994,-0.06333333333333331,0.1333333333333333,0.008113846228987587,-0.7060592363142898,-1.4908019225954325,-0.7111013374719808,-0.36628886590451504,0.773685058441026
2015-10-31,0.08298311781266654,0.0775,-0.019,-0.004699999999999999,0.0,-0.027250660674994598,0.0012761656067050708,-0.06666666666666672,-0.08000000000000007,0.1299999999999999,0.0006859188319641163,-0.8045454475299113,-1.394709048663295,-0.4538440709046481,-0.4742056522858564,0.7498066305732539
2015-11-30,0.0005048691103348713,0.005699999999999999,0.0358,-0.0043,0.0,-0.04033068306068888,0.004363182169185187,0.0,0.013333333333333197,0.05999999999999991,-0.003890959688421791,-1.0752800623363494,-1.1733803655712716,0.05807510517181421,0.14256670343752614,0.3319779379602285
2015-12-31,-0.017530185032692547,-0.0215,-0.027999999999999997,-0.025699999999999997,0.0001,-0.04496144811599123,0.006387247515364791,0.0,-0.04666666666666656,0.016666666666666607,-0.0019164837841660898,-1.1644706367210511,-1.0275253027452464,0.05787656976380328,-0.25466241273610174,0.0730674640541682
2016-01-31,-0.0507353220469523,-0.0574,-0.034,0.0208,0.0001,-0.03236256019749162,0.012375025026943876,-0.06666666666666672,-0.07333333333333332,0.0300000000000001,0.012405885495634372,-0.890999355116094,-0.6147310921517597,-0.45587937518228755,-0.43045231131603207,0.15239602850496317
2016-02-29,-0.0041283603090035426,-0.0006,0.0073,-0.0060999999999999995,0.0002,-0.031193297695960798,0.008472775790126619,-0.06666666666666643,-0.22333333333333324,0.11999999999999982,0.00887067484414561,-0.8610321094619359,-0.8771790896917646,-0.4540304714586148,-1.4172548956110358,0.6897843380149865
2016-03-31,0.06599111444005845,0.0695,0.0075,0.012199999999999999,0.0002,-0.03515311400177057,0.008916160965521946,0.0,-0.1366666666666668,0.006666666666666821,0.008747225677773196,-0.93944944308016,-0.8419018595160944,0.0641486801035861,-0.8359349399818207,0.007516388240737344
2016-04-30,0.0026993982833325436,0.0092,0.0077,0.0322,0.0001,-0.026579036961380753,0.011726257503534843,0.09999999999999994,-0.08333333333333326,-0.1266666666666668,0.002548998097538835,-0.7527643574366256,-0.645739390364842,0.839555350125808,-0.4788236702317781,-0.7934941487621308
2016-05-31,0.015324602525288444,0.0178,-0.0018,-0.016200000000000003,0.0001,-0.02448153056399993,0.010784764621246223,-0.03333333333333351,0.023333333333333355,-0.22999999999999998,0.00013556423015792518,-0.7045003250650961,-0.707049672334587,-0.201008675475841,0.2324854372102107,-1.4044468965147903
2016-06-30,0.0009109212401243738,-0.0003,0.006,-0.0149,0.0002,-0.01678117946525337,0.010792865347959424,-0.033333333333333215,-0.07666666666666666,-0.11666666666666654,0.01935215134107393,-0.5375877688855464,-0.7030326026672145,-0.20032425827487638,-0.4355104912901606,-0.717743412138625
2016-07-31,0.035609800753315435,0.0394,0.0245,-0.0124,0.0002,-0.02196738284260069,0.008683633430518256,-0.09999999999999994,-0.1266666666666667,-0.08666666666666674,0.005444137314040809,-0.6457357861487079,-0.844007231954763,-0.7206676690775367,-0.7672615336749207,-0.5343860393836087
2016-08-31,-0.0012192428990193127,0.0049,0.011699999999999999,0.0317,0.0002,-0.02164263084601936,0.010553158595656864,0.03333333333333351,-0.09333333333333334,-0.06333333333333317,-0.0021545175072666956,-0.6358629963236326,-0.7112599483450665,0.3276386099893012,-0.5408679974863373,-0.3917271385759588
2016-09-30,-0.0012344511393173052,0.0027,0.0208,-0.011899999999999999,0.0002,-0.019939516469206886,0.015486446201652182,0.033333333333333215,-0.010000000000000009,-0.07000000000000028,0.0005167013256499597,-0.5966161468592092,-0.3682608553460217,0.3264744900826491,0.020658017450606934,-0.43053356570615886
2016-10-31,-0.01942567890903446,-0.020099999999999996,-0.043899999999999995,0.041100000000000005,0.0002,-0.015023811304759715,0.01685924966243646,0.03333333333333351,0.07666666666666666,-0.033333333333333215,-0.008171890046240748,-0.48871252636163365,-0.27198878024616774,0.3253226912134248,0.6039522771602422,-0.20677713973173797
2016-11-30,0.034174521829295035,0.048600000000000004,0.055999999999999994,0.08289999999999999,0.0001,-0.011862778785850958,0.016843334719788938,-0.06666666666666672,0.1433333333333334,-0.03666666666666677,-0.025655208485449665,-0.4188402243119945,-0.2721674650595488,-0.4667900049242931,1.0485494290651443,-0.22636118274521777
2016-12-31,0.01820076244186586,0.0181,0.0014000000000000002,0.0347,0.0003,-0.0002049641716570516,0.020507989115119862,-0.09999999999999994,0.21333333333333346,-0.11333333333333329,0.0025412270027072026,-0.16573292514314783,-0.01611248222494293,-0.7285552631483214,1.5068626910328629,-0.6923682856074341
2017-01-31,0.01788435819838252,0.0194,-0.0116,-0.0276,0.0004,-0.008031281419274894,0.025103933482571117,-0.06666666666666672,0.1633333333333334,-0.13000000000000003,0.0021287572991879333,-0.3346438431644652,0.3049166153672993,-0.46110918962557806,1.1610182370653759,-0.7905014332423412
2017-02-28,0.03719816006681631,0.0355,-0.0215,-0.015,0.0004,-0.006864591168616152,0.028103616813294208,-0.03333333333333351,0.06999999999999991,-0.1166666666666667,0.006459204084262593,-0.30816563003869346,0.5136993613948558,-0.19413586157925872,0.5301053433514542,-0.7053601931132302
2017-03-31,-0.0003891971352694146,0.0017000000000000001,0.0113,-0.0333,0.0003,0.007162067590550603,0.0244119623655914,-0.09999999999999994,-0.08000000000000007,-0.04666666666666671,-0.0005530804010135393,-0.0016240885298881569,0.25282903979876115,-0.7249862870336871,-0.480876719261409,-0.2741279047244197
2017-04-30,0.009091208748854607,0.0108,0.0066,-0.020499999999999997,0.0005,0.013993011097695573,0.02176223471915395,-0.09999999999999994,-0.14000000000000012,0.013333333333333494,0.009070398834713167,0.14765622617028532,0.06544109402843674,-0.7215964980556597,-0.8821178189111784,0.0954765938691543
2017-05-31,0.011576251246328662,0.010700000000000001,-0.0252,-0.0382,0.0006,0.017500792534729248,0.018563431667619756,-0.06666666666666643,-0.1633333333333334,0.010000000000000083,0.006870612930157893,0.22406335727495563,-0.16072114481906102,-0.45200008240623774,-1.0335686898240006,0.07463389886273532
2017-06-30,0.004813775207812565,0.0079,0.022099999999999998,0.015,0.0006,0.014803308546539107,0.01640565809959127,-0.03333333333333351,-0.17666666666666667,-0.006666666666666525,-0.0001828212186425482,0.1640664700876991,-0.31303043248084167,-0.18284501959094734,-1.1161764289870348,-0.028656829154785356
2017-07-31,0.019348826001101882,0.018799999999999997,-0.014499999999999999,-0.0023,0.0007000000000000001,0.011187969195710634,0.017251073506566073,-0.03333333333333351,-0.08333333333333333,-0.06666666666666687,0.0033401690014212004,0.08385068878242646,-0.25196962733618944,-0.18227509552391383,-0.48288425204472646,-0.40054234298505365
2017-08-31,0.000546433019853243,0.0018,-0.0167,-0.0213,0.0009,0.008523014668689877,0.0192812155729698,0.0,-0.06999999999999991,-0.05000000000000012,0.009413577843002452,0.024658736620423123,-0.10655459194363762,0.0876170925818205,-0.3911054877269623,-0.2956195376725828
2017-09-30,0.019302978562167672,0.024900000000000002,0.044500000000000005,0.0315,0.0009,0.010630336308315114,0.021805652303711787,0.0,-0.013333333333333272,-0.02666666666666684,-0.005716111057044393,0.07133245694146995,0.07417619191573191,0.08735394242765611,-0.00581797618933464,-0.14922626047932658
2017-10-31,0.02218813506615125,0.0226,-0.019299999999999998,0.0013,0.0009,0.022919955326540453,0.02020757753132485,-0.033333333333333215,0.013333333333333345,-0.03666666666666648,0.0009781687063348254,0.3444450194997221,-0.0405948859017831,-0.18384896840116477,0.175489953669597,-0.21129746855759726
2017-11-30,0.028082627806563343,0.031200000000000002,-0.006,-0.0009,0.0008,0.029662701539719283,0.02172493864295566,-0.06666666666666672,-0.026666666666666616,-0.06000000000000005,-0.001482714097265303,0.49349679817207104,0.06861419799754463,-0.45477414814939005,-0.09777233384902022,-0.35688734424977103
2017-12-31,0.009831630594270502,0.0106,-0.0132,0.0005,0.0009,0.02467143465957866,0.021299307195522532,-0.06666666666666672,-0.0300000000000001,-0.09333333333333327,0.00475104838574314,0.38029048645581676,0.037721901096538196,-0.4531684851580139,-0.12027682084203416,-0.5649203904631298
2018-01-31,0.05617870412552817,0.0558,-0.0316,-0.0132,0.0011,0.027352874765469437,0.02151318868063945,-0.06666666666666672,-0.03999999999999989,-0.09333333333333356,-0.011250060190488687,0.4390413588165385,0.053079599355493876,-0.4515797102061214,-0.18849390800164736,-0.5627539510128472
2018-02-28,-0.0389473718793677,-0.0364,0.0027,-0.011000000000000001,0.0011,0.033994953469032696,0.02263468931091861,-0.03333333333333351,0.05666666666666657,-0.08999999999999986,-0.010087281006893933,0.586421608805907,0.1342635972333961,-0.1765927060402954,0.4766205129593915,-0.53962252003476
2018-03-31,-0.02688449860055664,-0.0235,0.0405,-0.0021,0.0012,0.03224806264183644,0.023309497646499366,-0.033333333333333215,0.020000000000000018,-0.006666666666666672,0.00671108228078765,0.5449403696758317,0.18294503877065463,-0.1760687473679882,0.22245056413101205,-0.010849157731247169
2018-04-30,0.0027187749953683227,0.0027,0.0109,0.0053,0.0014000000000000002,0.03309758614070435,0.024709963021052994,0.0,-0.020000000000000018,0.040000000000000036,-0.009410237049738202,0.5620335213753765,0.2845109432829318,0.09964214178456743,-0.05469159871241913,0.2852155255010909
2018-05-31,0.0216083418545836,0.026600000000000002,0.0524,-0.031400000000000004,0.0014000000000000002,0.022584201444366236,0.02781921607842497,-0.09999999999999994,-0.05666666666666664,0.06666666666666672,0.006618924594306241,0.322713358053277,0.5107234474293194,-0.7275274810474264,-0.3086451999184086,0.45378568325582025
2018-06-30,0.00484243626760783,0.0049,0.0111,-0.0233,0.0014000000000000002,0.028410387544831828,0.028075506935940187,0.0,-0.043333333333333224,0.040000000000000036,0.0010265400146025616,0.45355803546961654,0.5276450917574583,0.10363532452773916,-0.21506993143811526,0.28240254145077504
2018-07-31,0.03602155617289915,0.032,-0.0223,0.0049,0.0016,0.032543243815604805,0.02854124785561929,-0.06666666666666672,-0.05999999999999998,0.03333333333333336,-0.00029265900049046945,0.5456864761446496,0.5598701388105914,-0.45069594708927585,-0.3305204840253258,0.23894913538515494
2018-08-31,0.030263211276748248,0.0345,0.011399999999999999,-0.0391,0.0016,0.04353587280888749,0.026429238568742575,0.0,-0.08666666666666652,0.009999999999999787,0.005679900870220411,0.7929139892681636,0.4027047205726074,0.10611330137227287,-0.515532451385698,0.08870809979604372
2018-09-30,0.0042942874264617625,0.0006,-0.0229,-0.016200000000000003,0.0015,0.04313826088176409,0.02332055105808828,-0.09999999999999994,-0.04666666666666671,-0.013333333333333345,-0.006196847829897156,0.7803199000634898,0.1722714984266575,-0.7287503982670703,-0.23400089098839927,-0.061527267433599715
2018-10-31,-0.0694033560936963,-0.0765,-0.047,0.0338,0.0019,0.02930867401734427,0.02492032470218053,0.0,-0.010000000000000083,0.006666666666666821,-0.0064408499521958484,0.4624922977673569,0.29004862908420614,0.11001367563062713,0.02405033077849845,0.06756354022505459
2018-11-30,0.01785935665477978,0.0171,-0.0073,0.0036,0.0018,0.027666629800210174,0.02147328577667773,0.0,-0.023333333333333428,0.0733333333333334,0.007715167306524551,0.4234798462185672,0.03365144021972784,0.1097073762427817,-0.06987725336720399,0.49796759977879335
2018-12-31,-0.09177689467997252,-0.0955,-0.0231,-0.0192,0.0019,0.025912536810940523,0.020023809043401064,0.06666666666666658,-0.13666666666666671,0.13999999999999999,0.01981201012714129,0.38198558583052306,-0.0742165009045045,0.6694859355749897,-0.8679166551024105,0.9262448892702476
2019-01-31,0.07868440166582613,0.0837,0.0276,-0.0039000000000000003,0.0021,0.01911642232351851,0.014875893578291333,0.06666666666666672,-0.18666666666666668,0.16333333333333325,0.00910906942296652,0.22486420603251778,-0.4575799696417301,0.6668524922422342,-1.21383460891801,1.0715469216217404
2019-02-28,0.029728889343927145,0.0342,0.020499999999999997,-0.026600000000000002,0.0018,0.011096417703535089,0.015188615351321877,0.0,-0.16666666666666666,0.05666666666666679,-0.0011380716783111477,0.03962220589881324,-0.43275414308911764,0.1024297209039839,-1.0661466522320673,0.3775822441963326
2019-03-31,0.01792425624958849,0.011000000000000001,-0.030299999999999997,-0.0414,0.0019,0.006545559146318158,0.018831863513063984,-0.03333333333333336,-0.09666666666666668,-0.009999999999999934,0.021225958236704034,-0.0655370892393262,-0.1587455705041912,-0.17989727960755014,-0.5691318324203155,-0.05626798187680201
2019-04-30,0.03931349831373798,0.0397,-0.0174,0.0213,0.0021,-0.010247462328067725,0.020005834702090608,-0.09999999999999994,-0.06333333333333331,-0.07999999999999992,-0.0020032023559597434,-0.453812791781312,-0.0701715740207132,-0.7439217908076422,-0.3320086286669764,-0.5114626808187374
2019-05-31,-0.0657777313668354,-0.0692,-0.0126,-0.0245,0.0021,-0.00010156011968476264,0.017959105553606136,-0.06666666666666658,-0.08000000000000007,-0.013333333333333345,0.019108314480226207,-0.21722949353021737,-0.22404673609540912,-0.4585338698405326,-0.4489156668528068,-0.07522910648842063
2019-06-30,0.0689301639982407,0.0699,0.0011,-0.0064,0.0018,-0.0073693288629623765,0.01671194894390049,-0.06666666666666658,-0.09000000000000001,0.040000000000000036,0.01098572423084443,-0.38551809461718833,-0.31750218096584204,-0.4570650477943105,-0.5183275463833303,0.2737405048329038
2019-07-31,0.013128152166957952,0.0123,-0.0196,0.005,0.0019,-0.013774541767684445,0.01826331335037068,0.0,-0.06333333333333331,0.016666666666666607,0.0018182223480260884,-0.5333962305163822,-0.19926803955359024,0.11283299610944385,-0.32724109837855087,0.12002673137254118
2019-08-31,-0.018091627240523933,-0.0255,-0.0239,-0.04769999999999999,0.0016,-0.013396749291328724,0.017376412106666406,0.0,-0.1233333333333333,0.0033333333333334103,0.02782813864445499,-0.5227991216942992,-0.265970478138657,0.112533483692839,-0.7529322302877147,0.032061538889168975
2019-09-30,0.017181177931020697,0.0141,-0.0097,0.0676,0.0018,-0.01737457300836487,0.016844977040391562,-0.03333333333333336,-0.029999999999999954,-0.06000000000000005,-0.006121302616725943,-0.6139010888590061,-0.305612212864765,-0.1735842428820895,-0.08493385148691136,-0.3853108252581642
2019-10-31,0.020431770513684056,0.0207,0.0027,-0.0192,0.0015,-0.024594751580988228,0.017339736996186295,-0.03333333333333336,0.03333333333333336,-0.0033333333333334103,0.0020807833839151524,-0.7802805547520023,-0.2670589186747925,-0.17312044534161747,0.36828675152120444,-0.009977641204403972
2019-11-30,0.034047037714499906,0.0387,0.0072,-0.02,0.0012,-0.02047601522464615,0.020922903948629168,0.0,0.19666666666666668,-0.03666666666666677,-0.000345489273345545,-0.6808224497315224,0.007404582617234887,0.11461569844174799,1.5292272609274924,-0.23069194586854777
2019-12-31,0.02858981890573009,0.0277,0.0076,0.0173,0.0014000000000000002,-0.022991807373363926,0.023195274699624457,0.03333333333333336,0.17,-0.06333333333333346,-0.0004676219973195339,-0.7371428025812328,0.18144371777062404,0.4021842905677293,1.3286591681500861,-0.40697822044492576
2020-01-31,-0.0016280928190489652,-0.0011,-0.031,-0.0622,0.0013,-0.02290379015513233,0.02599767976845202,0.0,0.05999999999999998,-0.06666666666666672,0.02029020247514768,-0.7321811956230827,0.39603452983081333,0.11249794278279765,0.5403802657050766,-0.4279169597857876
2020-02-29,-0.08411048363840312,-0.0815,0.0108,-0.0382,0.0012,-0.014232217750208775,0.023413166797595197,-0.03333333333333336,-0.09666666666666668,-0.006666666666666672,0.01584676063228052,-0.5257460286910541,0.19609764261660417,-0.1771627370421843,-0.5798216101290987,-0.026761842886507986
2020-03-31,-0.12511928240892822,-0.13369999999999999,-0.046900000000000004,-0.1383,0.0012,-0.053150549643890654,0.014940399642909163,0.2666666666666668,0.08666666666666667,0.4666666666666668,-0.005268100228630446,-1.4350277948541847,-0.45784744418751705,2.3984421556604834,0.7327215323968512,3.061904325902776
2020-04-30,0.1268440381652789,0.136,0.025,-0.0134,0.0,-0.17318282261376305,0.003130472940411133,3.733333333333334,0.09333333333333334,0.48666666666666664,0.017191039390478613,-4.0733755184788905,-1.3632500201653013,12.893574636928701,0.777457040393668,3.106427710866707
2020-05-31,0.04528181966555822,0.0557,0.024,-0.05,0.0001,-0.1604773810453941,0.001982013035848551,3.233333333333333,0.18666666666666668,0.3900000000000001,0.006725320264062473,-3.6478709583562967,-1.4408535416587709,8.740470903624237,1.437416530439652,2.4429648899711975
2020-06-30,0.01838839651392421,0.0245,0.026699999999999998,-0.0217,0.0001,-0.10586064673581452,0.007166562831830481,2.1999999999999997,-0.0033333333333333734,-0.16999999999999993,0.006590663296975441,-2.4088596477926285,-1.035633978610285,5.454610207659489,0.07474872125349755,-1.0959477329033158
2020-07-31,0.055101321480443666,0.0583,-0.0235,-0.0144,0.0001,-0.06783544959427434,0.009968647625897997,-1.5333333333333339,-0.010000000000000009,-0.25999999999999995,0.01333239814384446,-1.5718078371869313,-0.8161888941345304,-3.794272031301203,0.02675717846259402,-1.649963052189543
2020-08-31,0.07006466690171775,0.0762,-0.002,-0.0302,0.0001,-0.06512241935326724,0.012810698495523853,-1.5999999999999996,0.003333333333333336,-0.22000000000000006,-0.008236064484063443,-1.5011037573359438,-0.594875454026929,-3.8027951781726967,0.12253767684303576,-1.3878655251833856
2020-09-30,-0.039227970178423055,-0.0364,0.0006,-0.027200000000000002,0.0001,-0.061831018547937044,0.013910228912373812,-1.0666666666666667,3.700743415417188e-17,-0.07666666666666681,-0.000973694791263191,-1.4197088886920424,-0.5083149016547984,-2.5037661367442197,0.09821323814219746,-0.4855347079166671
2020-10-31,-0.027665786221379718,-0.0208,0.0434,0.0425,0.0001,-0.04622683457542831,0.012303863428671624,-1.0999999999999996,0.0666666666666667,-0.013333333333333345,-0.0055827362793765545,-1.0792350425510708,-0.6305407422092241,-2.5339154908758066,0.5791010048483498,-0.0865223012975527
2020-11-30,0.10754563544385909,0.1245,0.0581,0.0209,0.0001,-0.04763324870606622,0.011757452138405844,-0.5666666666666668,0.07666666666666666,-0.06333333333333346,0.012067536984699423,-1.1034046321518427,-0.6705415835545939,-1.3051773718404183,0.6493835489948927,-0.40099397617497357
2020-12-31,0.03712145909357001,0.0463,0.0501,-0.0168,0.0001,-0.0328150457766595,0.013204191315779434,-0.36666666666666653,0.09000000000000001,-0.1499999999999999,0.0008576574537992876,-0.7827736711032558,-0.5564325139908793,-0.8449195042351512,0.7434288108764766,-0.9448131395325869
2021-01-31,-0.011136660755445171,-0.0007000000000000001,0.07139999999999999,0.0322,0.0,-0.021295843569181794,0.013738437137002402,-0.16666666666666666,0.10333333333333332,-0.16333333333333325,-0.0074455788519560695,-0.5340220355355106,-0.5133123882918831,-0.38679474672334363,0.8369402603589862,-1.0240867374169647
2021-02-28,0.026091451377448394,0.0281,0.0202,0.07200000000000001,0.0,-0.056805772711803426,0.016698167791706853,-0.16666666666666666,0.14666666666666664,-0.08999999999999986,-0.015181781523572635,-1.2887607746794272,-0.2819634038858014,-0.3857302553894175,1.1458712644983253,-0.5584354422741126
2021-03-31,0.042438632533165155,0.0317,-0.0233,0.0735,0.0,0.010038210492383515,0.026678187820641908,-0.20000000000000018,0.24666666666666667,-0.03333333333333336,-0.011462998411322478,0.1448888335133552,0.49590584343587224,-0.4608813518622103,1.8531063252686835,-0.19888936967076812
2021-04-30,0.05242532134755851,0.0495,-0.0319,-0.0102,0.0,0.1655213518144698,0.04133077115360573,-0.10000000000000024,0.20666666666666664,-0.06666666666666665,0.007320283240348058,3.3837918772374675,1.6279293248369913,-0.2304108957446042,1.5512945670460025,-0.40944342091989044
2021-05-31,0.00548648867060697,0.003,-0.002,0.0704,0.0,0.15673379835366053,0.04918257089467626,-0.13333333333333344,0.1266666666666667,-0.05333333333333338,0.0020380046152710385,3.1176738129694748,2.2084836009630697,-0.3064209081125771,0.9705035542396099,-0.3237523527373019
2021-06-30,0.022214009565834747,0.0274,0.017,-0.0786,0.0,0.08958396565691418,0.05295632620349999,-0.06666666666666643,-0.03333333333333336,-0.06999999999999999,0.008279220550384991,1.7235679805402073,2.458134510215581,-0.15211767009647173,-0.181831310232831,-0.4288353879512484
2021-07-31,0.02274805482838871,0.0134,-0.0393,-0.0179,0.0,0.054998863464161385,0.05245169381309234,-0.2333333333333331,-0.11666666666666663,-0.013333333333333345,0.011165792287370246,1.0124392568806875,2.3816280548911437,-0.5362242004166764,-0.7806515088472566,-0.06663300837690252
2021-08-31,0.028990416255438634,0.0294,-0.0032,-0.0023,0.0,0.04261168528131454,0.05152015301793966,-0.2333333333333334,-0.12333333333333336,-0.013333333333333272,-0.002003180324327891,0.7567007476470203,2.2778602825959497,-0.5346183398621015,-0.8255894037584247,-0.06647718087995866
2021-09-30,-0.047569168801901096,-0.044000000000000004,0.0066,0.0512,0.0,0.030124970172007215,0.05351215590949132,-0.4000000000000001,-0.04999999999999997,-0.020000000000000018,-0.009172829797981508,0.500006288912173,2.388652247896539,-0.917693123252556,-0.2944143495016288,-0.10901313343622628
2021-10-31,0.0691438364006065,0.0663,-0.0226,-0.0053,0.0,0.03562870970876397,0.06235042390298062,-0.3000000000000001,0.08666666666666667,-0.050000000000000044,-8.700016366902652e-05,0.610762695289344,2.9716687395946617,-0.6830819695861929,0.6938333633283672,-0.3012599797039334
2021-11-30,-0.008333706184746159,-0.0158,-0.0131,-0.0037,0.0,0.03897545981936834,0.06901970403700863,-0.3333333333333333,0.09333333333333334,-0.08000000000000014,0.0027085041280896505,0.6771153907697385,3.356524892411947,-0.7578560434095634,0.7395762752584122,-0.4932598182139692
2021-12-31,0.04361291346206486,0.0323,-0.0163,0.0325,0.0001,0.022463731281071153,0.07174340285065539,-0.2666666666666668,0.026666666666666616,-0.010000000000000009,-0.0035874317168507197,0.33724096460031333,3.443457289767174,-0.6007785015641703,0.2546424447851151,-0.0410847651667492
2022-01-31,-0.052585165027393854,-0.0616,-0.0593,0.1286,0.0,0.013181341030033655,0.07558805726967832,-0.16666666666666666,0.02666666666666669,0.01666666666666668,-0.019985724260515147,0.14593115628435296,3.5896211609384645,-0.3666861743538612,0.2540256198232616,0.13122593065523147
2022-02-28,-0.031360491945908286,-0.022799999999999997,0.0216,0.030600000000000002,0.0,0.05429593086433182,0.07937278766517819,-0.06666666666666658,0.029999999999999954,0.10666666666666676,-0.011456493300827097,0.9892258160138415,3.712604479305646,-0.1327762586380222,0.2776657499360509,0.7126638235564858
2022-03-31,0.03577328837154625,0.0308,-0.0155,-0.019,0.0,0.030544104015221674,0.08572204966013852,-0.06666666666666658,0.09333333333333334,0.1100000000000001,-0.02812204970212806,0.49805566883136876,3.9671119331859503,-0.1324716156520571,0.7381176736977035,0.7317692468929968
2022-04-30,-0.08795671180434306,-0.0941,-0.013500000000000002,0.061799999999999994,0.0,0.029234354755085068,0.08231750770777224,-0.09999999999999994,0.12666666666666662,0.030000000000000027,-0.038058712417600615,0.4697118901048575,3.6317882285667866,-0.21019239972525072,0.9777525288927693,0.21114669936296893
2022-05-31,5.317770464463578e-05,-0.0034000000000000002,-0.0184,0.08439999999999999,0.0003,0.019110298059100916,0.08538171195642064,-0.09999999999999994,0.10666666666666669,0.06000000000000005,0.007605401646592291,0.2596118281088732,3.6921288619602235,-0.20970201608682315,0.8282340088500643,0.40555494768955436
2022-06-30,-0.08391999993382682,-0.084,0.0207,-0.06,0.0006,0.012217594016755706,0.08979361103105798,-0.03333333333333336,-0.013333333333333272,-0.010000000000000231,-0.015530093576748172,0.11643228060716253,3.8147509116436336,-0.05248349653510168,-0.05056847293491015,-0.051271862985398126
2022-07-31,0.09111639173021002,0.09570000000000001,0.028399999999999998,-0.0415,0.0008,0.00968659945597028,0.08462576727730098,-0.06666666666666672,-0.44,0.1333333333333333,0.025380854316651824,0.06369612231791649,3.4175527259137124,-0.13091314857503,-3.106650140170038,0.8829537549684092
2022-08-31,-0.04244012827299837,-0.0377,0.0141,0.0018,0.0019,0.010521402147261716,0.08222579178218825,0.0,-0.5499999999999999,0.010000000000000083,-0.03042248651889734,0.08090175093865906,3.2005741363492635,0.026821516249715682,-3.7657511783044515,0.07551941804317834
2022-09-30,-0.09339567201327437,-0.0934,-0.0076,0.0003,0.0019,0.024620187157526008,0.08192106896425821,-0.03333333333333336,-0.42,0.013333333333333641,-0.04145049214189511,0.37422838021727217,3.1084941639854167,-0.052134686249178074,-2.8019030005985774,0.09716955197703321
2022-10-31,0.0798634138370089,0.0785,0.0001,0.0797,0.0023,0.010648183730078253,0.07758813957693,0.03333333333333336,-0.13666666666666671,-0.010000000000000083,-0.012784709205897027,0.0818767431108983,2.818367853000536,0.10611966941934053,-0.8503227023341651,-0.05610242004301676
2022-11-30,0.053752893352493114,0.04650000000000001,-0.035699999999999996,0.0148,0.0029,0.0008902953837490735,0.07122856456533988,0.0,-0.17666666666666675,-0.023333333333333428,0.03808443822700758,-0.12234534635664243,2.4431663237807553,0.026645160281628184,-1.1200209510116692,-0.14362851904573715
2022-12-31,-0.05897147407473047,-0.0638,-0.0076,0.0134,0.0033,-0.008016099812473643,0.06404600402357152,0.0,-0.34,-0.06666666666666687,-0.008704240329655777,-0.30866042607911603,2.043093676851133,0.02658738336451263,-2.214381380711326,-0.4286348154023945
2023-01-31,0.0617528578346791,0.0661,0.0501,-0.0394,0.0034999999999999996,0.003188082918103907,0.06327178517960097,-0.03333333333333336,-0.42333333333333334,-0.10333333333333321,0.03330214333151238,-0.07273331093358996,1.9813851551435748,-0.05305971884150456,-2.731331735820219,-0.6690584262268051
2023-02-28,-0.02611249393181858,-0.025699999999999997,0.0105,-0.008,0.0034000000000000002,-0.001634816837026265,0.05957820738137087,0.0,-0.21333333333333337,-0.11333333333333344,-0.026656910178596283,-0.17405350072531997,1.7741924232934627,0.026816629083617833,-1.3121116095070362,-0.7328499449523532
2023-03-31,0.03505161257710898,0.0248,-0.0548,-0.09050000000000001,0.0036,-0.0036512224493961964,0.04917719362889961,0.0,-0.13333333333333344,0.02666666666666669,0.02641217661293771,-0.2161794972062442,1.2316507189255776,0.026759226126137,-0.7725972150996604,0.19472782206345066
2023-04-30,0.014642341662481018,0.0062,-0.0337,-0.0012,0.0034999999999999996,-0.001843454258675048,0.049500798791243694,-0.03333333333333336,-0.1499999999999999,0.03333333333333336,0.005755450133215323,-0.17750841928515967,1.2415359767903433,-0.05340413636032001,-0.8811903839810418,0.23847189363514648
2023-05-31,0.002482347368192972,0.0034000000000000002,0.016,-0.0779,0.0036,-0.003995717112307395,0.04131851231385042,0.0,-0.22333333333333316,0.11999999999999995,-0.011443134756291773,-0.22268081442868273,0.8180405487743972,0.026987002281142997,-1.3656057309613205,0.8124257240371446
2023-06-30,0.06472746490423464,0.0646,0.0149,-0.0013,0.004,-0.008893464531073647,0.03070617072997095,0.03333333333333336,-0.12666666666666662,-0.016666666666666607,-0.0036821306398630016,-0.32605316003055324,0.27154572137677196,0.10737652077756502,-0.7149487808782504,-0.09762868285300642
2023-07-31,0.031138932355010862,0.0321,0.020499999999999997,0.0406,0.0045000000000000005,-0.0031247838929887584,0.03287749268428297,0.03333333333333336,0.036666666666666625,-0.07666666666666666,-0.0001535957311401548,-0.202722584177476,0.3825285008373095,0.10714810707749653,0.3807770816643097,-0.49678764747370413
2023-08-31,-0.017716390070854016,-0.0236,-0.0313,-0.0115,0.0045000000000000005,-0.0025421306219911566,0.03722504803505289,0.03333333333333336,0.14666666666666664,-0.1166666666666667,-0.006313168516204337,-0.18987280769515325,0.6052616463114209,0.10692114486321447,1.1153904096947285,-0.7616574976643854
2023-09-30,-0.048719367465624885,-0.052300000000000006,-0.025,0.015,0.0043,-0.002672476942852109,0.03687206638119256,0.03333333333333336,0.1566666666666666,-0.07333333333333325,-0.02589599070210824,-0.1922440515068637,0.5853682009164201,0.1066956188267867,1.1767275926796372,-0.4705181518694853
2023-10-31,-0.02197968873798295,-0.0315,-0.0387,0.002,0.004699999999999999,-0.007742988102069082,0.032512659098611785,0.1333333333333333,0.27,-0.0033333333333334103,-0.01570638916902911,-0.3002312880366101,0.3588344995089219,0.3497540677114979,1.9190920328248258,-0.0013932966068025375
2023-11-30,0.08917926878197013,0.0888,-0.001,0.0167,0.0044,-0.0009043615385835313,0.031333462745911866,0.0,0.1200000000000001,-0.01999999999999987,0.045929223209184356,-0.15306723652041604,0.2970057723506568,0.023943139442011124,0.9137042727142597,-0.11308407936564235
2023-12-31,0.04422923115636013,0.048499999999999995,0.06280000000000001,0.0489,0.0043,0.008386591076755323,0.033159099427102934,0.033333333333333215,-0.09333333333333342,-0.05333333333333338,0.036976425693780124,0.0467356697324461,0.39094012282364266,0.10533232588574673,-0.5103749700587278,-0.3366246099638821
2024-01-31,0.015895707598991615,0.0073,-0.050499999999999996,-0.023799999999999998,0.004699999999999999,-0.012762549126908995,0.030883429864855705,-0.06666666666666658,-0.2066666666666667,-0.06999999999999999,-0.0015112250831043061,-0.40825644184397464,0.271883246096964,-0.1397016224670404,-1.2620186090500656,-0.4478809674046082
2024-02-29,0.05172064062372317,0.0507,-0.0026,-0.034300000000000004,0.0042,-0.003543266402759926,0.03157074141648697,0.06666666666666658,-0.08666666666666689,-0.07666666666666681,-0.014746089471704416,-0.2087042170189254,0.30704031488549627,0.18766214398204464,-0.4588570884702016,-0.4916490392481198
2024-03-31,0.031018779915342964,0.028399999999999998,-0.025,0.0416,0.0043,-0.00557312624665296,0.034868349120836584,0.03333333333333336,0.06333333333333346,-0.02666666666666669,0.00902493573583163,-0.2520816705984327,0.4781392796116525,0.10534279895249982,0.5438532388603876,-0.15316543262270768
2024-04-30,-0.04161507173789869,-0.04650000000000001,-0.023799999999999998,-0.0045000000000000005,0.004699999999999999,-0.009971062585799939,0.033607951262196734,0.06666666666666658,0.15333333333333332,-0.05333333333333338,-0.024782344200333095,-0.3466415830418646,0.4112043828493412,0.18721700626856003,1.1418434226819127,-0.33312688765925175
2024-05-31,0.0480211901511991,0.0433,0.0053,-0.0131,0.0044,-0.0006499644303002983,0.03244278584003113,0.0,0.08666666666666689,-0.029999999999999954,0.016695544766473613,-0.1438993919702919,0.34933399225561135,0.02231410314365007,0.6931182397290502,-0.17435420063514945
2024-06-30,0.03466980128308328,0.027999999999999997,-0.03,-0.0336,0.0040999999999999995,0.007734749239909133,0.029702579486470926,0.06666666666666658,0.033333333333333215,-0.009999999999999787,0.008855064810109559,0.03849137544417791,0.20500837502985658,0.1871149710565038,0.334676491623773,-0.03823143787812979
2024-07-31,0.011321316887868749,0.012199999999999999,0.0681,0.0557,0.0045000000000000005,-0.009226344732312097,0.029414757935583014,0.10000000000000009,-0.08333333333333333,0.0433333333333333,0.024191712858824932,-0.3306228342839932,0.18947119465186482,0.26929146560137246,-0.44809342541735836,0.3245666742029133
2024-08-31,0.022834706936630367,0.016,-0.0349,-0.0113,0.0048,-0.004050008280501727,0.02607144490692037,0.10000000000000009,-0.13666666666666671,0.0866666666666666,0.01461422441191984,-0.2170928293681703,0.013199966232028959,0.26871567773800314,-0.8043468731692953,0.6187434385248622
2024-09-30,0.020196884090601275,0.0172,-0.0013,-0.0273,0.004,-0.012004422838397089,0.024264830315416708,0.0,-0.023333333333332984,0.06333333333333302,0.013328345399442831,-0.39029032932578744,-0.08206269706082762,0.019486114474791094,-0.041056645080284976,0.4581192261282134
2024-10-31,-0.009896743303151712,-0.01,-0.0095,0.0091,0.0039000000000000003,-0.009947356843759692,0.02578844053871343,-0.03333333333333351,0.18000000000000002,-0.01999999999999987,-0.02518754504423215,-0.34442883106900374,-0.001422283710323141,-0.06361610415341583,1.3236904422418596,-0.11226656586479618
2024-11-30,0.057301295482098835,0.0649,0.0449,0.0038,0.004,-0.015579409481489392,0.02719472461284833,0.0,0.37333333333333335,-0.10333333333333321,0.011109950748992459,-0.46699341438003383,0.07300839825469878,0.019738042451216794,2.5862013397325425,-0.6820188498790833
2024-12-31,-0.02499013704848363,-0.0317,-0.027000000000000003,-0.0297,0.0037,-0.0027414662172438042,0.028706909675099812,0.0,0.37333333333333324,-0.09666666666666653,-0.016933829966619518,-0.18424325747384607,0.15304937448102687,0.019699287341102312,2.5479266640456766,-0.6344803314731104
2025-01-31,0.0270163042404441,0.027999999999999997,-0.02,0.0176,0.0037,0.00849002693950851,0.029909783078999608,-0.033333333333333215,0.27666666666666667,-0.02666666666666669,0.0051598400384444965,0.06314284781813768,0.2166417061021649,-0.06389700566508584,1.8938763785990695,-0.15285328724129682
2025-02-28,-0.014242092699825126,-0.024399999999999998,-0.057699999999999994,0.0484,0.0033,0.008119858403550007,0.028015834477613355,0.0,0.09666666666666668,0.016666666666666607,0.02237373071409543,0.05486209532189009,0.11539826521685138,0.019949352939251624,0.7119795774934609,0.14538737933163168
2025-03-31,-0.05754469768137538,-0.0639,-0.027200000000000002,0.0287,0.0034000000000000002,0.005802453773984029,0.02381981462805549,0.03333333333333351,-0.013333333333333345,0.07999999999999978,-0.00026258288915292916,0.0035869138144360253,-0.10861705223912063,0.10379434787508582,-0.009681870028757866,0.5810222632181914
2025-04-30,-0.007624943346289825,-0.0084,-0.005699999999999999,-0.0329,0.0034999999999999996,0.008823523543694645,0.0232538823025783,0.06666666666666672,-0.11666666666666654,0.14999999999999977,0.004310465713202261,0.07041528107826527,-0.1386440958195025,0.18762875933381748,-0.6869810106594514,1.060429512235227
2025-05-31,0.06152382614078289,0.060599999999999994,0.0060999999999999995,-0.0281,0.0038,0.0010162299356553106,0.023772651073680873,0.033333333333333215,-0.020000000000000167,0.13333333333333344,-0.006069134435443657,-0.10277515482290223,-0.11059997198245547,0.10306008314703666,-0.05079866594078513,0.9418351681076205
2025-06-30,0.049606839467715824,0.048600000000000004,0.0070999999999999995,-0.0143,0.0034000000000000002,0.005793208714095943,0.02680453865910226,-0.03333333333333351,0.023333333333333133,0.040000000000000334,0.014553606788029416,0.003511588441743079,0.05224807603935551,-0.06587036359836976,0.23441581241894027,0.29619626721868486
2025-07-31,0.0216665625306407,0.019799999999999998,0.0027,-0.0128,0.0034000000000000002,0.019187662602012212,0.02742618052167134,0.033333333333333215,0.023333333333333133,-0.06333333333333317,-0.00263938398855057,0.3014971604696772,0.08555726314433733,0.10331073084389598,0.23394349443913956,-0.41824306859584376
2025-08-31,0.019066444295036122,0.0184,0.0381,0.0444,0.0038,0.011886779865559305,0.029385917430316155,0.0,-0.010000000000000083,-0.0433333333333333,0.011903508704156573,0.13818007400251925,0.19090826146007223,0.018424770905609778,0.01335956058341066,-0.27899041782640166
2025-09-30,0.035323687218701494,0.0339,-0.0191,-0.0092,0.0033,0.018631698334008018,0.030225715847133294,0.10000000000000024,0.016666666666666902,-0.020000000000000167,0.01126774633063743,0.288500453121597,0.23582591786434254,0.2729053272707575,0.1897692225558568,-0.11668896594055596
2025-11-30,0.0012996181666717899,-0.0013,0.0052,0.0362,0.003,0.017543117556713783,0.026964439164939513,0.10000000000000053,0.05666666666666679,0.010000000000000083,0.006057064869039452,0.263568157737966,0.05912765596362212,0.27235165582200177,0.454391458120932,0.09191048904136641
2025-12-31,-0.0005241344225139777,-0.0036,-0.0102,0.0236,0.0034000000000000002,0.011629935222018384,0.02653304114557753,-0.09999999999999964,0.11666666666666654,0.016666666666666902,-0.002789680613619394,0.1305498265715805,0.03565771516405451,-0.23903851643078086,0.8507097069526198,0.13812658592738788
2026-01-31,0.013662958900920286,0.0103,0.0213,0.0382,0.003,0.009734701648033584,0.02391201432150014,-0.10000000000000009,0.13333333333333344,-0.003333333333333558,0.0025028937078916957,0.08775144722690391,-0.10659394438206335,-0.23856493312320454,0.9581644129739955,-0.0015726351173226925
2026-02-28,-0.008668344740704326,-0.011699999999999999,0.0023,0.0271,0.0028000000000000004,0.008180076419915805,0.024340041103732224,-0.033333333333333215,0.07333333333333325,-0.03000000000000025,0.01598127842766406,0.05261706322668595,-0.08313067765880033,-0.06721056181363597,0.5574433217934796,-0.1878281594093398
2026-03-31,-0.050932690968577,-0.0518,0.0042,0.0341,0.0029,0.005708607646050412,0.032859577528651984,-0.03333333333333351,0.0300000000000001,0.009999999999999787,-0.01794546214085957,-0.00317895746155,0.3808188453476718,-0.06708495553032288,0.26811459964670786,0.09243232023912919
2026-04-30,0.10423338582985764,0.09949999999999999,0.0011,-0.011699999999999999,0.0029,0.012772934076550557,0.03779245836741563,0.0,0.023333333333333428,0.013333333333333345,0.001687892222290266,0.1563225085473248,0.6486354990768939,0.018812730121465615,0.22317293587044015,0.11562742622213683
2026-05-31,0.05147035515724263,0.049,-0.0169,-0.0215,0.0031,0.015798465812579376,0.04166614684049641,-0.03333333333333351,0.11666666666666685,-0.020000000000000167,0.002936178134672174,0.2244494017653435,0.8577586852731351,-0.06715461732693304,0.8446804979371115,-0.11870585896495017
